code,name,market,board,asset_type,org_type,sector,index_membership
000001,平安银行,sz,main,stock,,银行Ⅱ,hs300
000002,万科A,sz,main,stock,,房地产开发,hs300
000009,中国宝安,sz,main,stock,,综合Ⅱ,csi500
000021,深科技,sz,main,stock,,消费电子,csi500
000027,深圳能源,sz,main,stock,,电力,csi500
000032,深桑达A,sz,main,stock,,专业工程,csi500
000034,神州数码,sz,main,stock,,IT服务Ⅱ,csi500
000039,中集集团,sz,main,stock,,通用设备,csi500
000050,深天马A,sz,main,stock,,光学光电子,csi500
000060,中金岭南,sz,main,stock,,工业金属,csi500
000062,深圳华强,sz,main,stock,,其他电子Ⅱ,csi500
000063,中兴通讯,sz,main,stock,,通信设备,hs300
000088,盐田港,sz,main,stock,,航运港口,csi500
000100,TCL科技,sz,main,stock,,光学光电子,hs300
000155,川能动力,sz,main,stock,,电力,csi500
000157,中联重科,sz,main,stock,,工程机械,hs300
000166,申万宏源,sz,main,stock,,证券Ⅱ,hs300
000301,东方盛虹,sz,main,stock,,炼化及贸易,hs300
000333,美的集团,sz,main,stock,,白色家电,hs300
000338,潍柴动力,sz,main,stock,,汽车零部件,hs300
000400,许继电气,sz,main,stock,,电网设备,csi500
000408,藏格矿业,sz,main,stock,,农化制品,hs300
000415,渤海租赁,sz,main,stock,,多元金融,csi500
000423,东阿阿胶,sz,main,stock,,中药Ⅱ,csi500
000425,徐工机械,sz,main,stock,,工程机械,hs300
000429,粤高速A,sz,main,stock,,铁路公路,csi500
000513,丽珠集团,sz,main,stock,,化学制药,csi500
000519,中兵红箭,sz,main,stock,,地面兵装Ⅱ,csi500
000528,柳工,sz,main,stock,,工程机械,csi500
000537,绿发电力,sz,main,stock,,电力,csi500
000538,云南白药,sz,main,stock,,中药Ⅱ,hs300
000539,粤电力A,sz,main,stock,,电力,csi500
000559,万向钱潮,sz,main,stock,,汽车零部件,csi500
000568,泸州老窖,sz,main,stock,,白酒Ⅱ,hs300
000582,北部湾港,sz,main,stock,,航运港口,csi500
000591,太阳能,sz,main,stock,,电力,csi500
000596,古井贡酒,sz,main,stock,,白酒Ⅱ,hs300
000598,兴蓉环境,sz,main,stock,,环境治理,csi500
000617,中油资本,sz,main,stock,,多元金融,hs300
000623,吉林敖东,sz,main,stock,,中药Ⅱ,csi500
000625,长安汽车,sz,main,stock,,乘用车,hs300
000629,钒钛股份,sz,main,stock,,冶钢原料,csi500
000630,铜陵有色,sz,main,stock,,工业金属,hs300
000651,格力电器,sz,main,stock,,白色家电,hs300
000657,中钨高新,sz,main,stock,,小金属,hs300
000661,长春高新,sz,main,stock,,生物制品,csi500
000683,博源化工,sz,main,stock,,化学原料,csi500
000703,恒逸石化,sz,main,stock,,炼化及贸易,csi500
000708,中信特钢,sz,main,stock,,特钢Ⅱ,hs300
000709,河钢股份,sz,main,stock,,普钢,csi500
000723,美锦能源,sz,main,stock,,焦炭Ⅱ,csi500
000725,京东方A,sz,main,stock,,光学光电子,hs300
000728,国元证券,sz,main,stock,,证券Ⅱ,csi500
000729,燕京啤酒,sz,main,stock,,非白酒,csi500
000733,振华科技,sz,main,stock,,军工电子Ⅱ,csi500
000737,北方铜业,sz,main,stock,,工业金属,csi500
000738,航发控制,sz,main,stock,,航空装备Ⅱ,csi500
000739,普洛药业,sz,main,stock,,化学制药,csi500
000750,国海证券,sz,main,stock,,证券Ⅱ,csi500
000768,中航西飞,sz,main,stock,,航空装备Ⅱ,hs300
000776,广发证券,sz,main,stock,,证券Ⅱ,hs300
000783,长江证券,sz,main,stock,,证券Ⅱ,csi500
000785,居然智家,sz,main,stock,,一般零售,csi500
000786,北新建材,sz,main,stock,,装修建材,csi500
000792,盐湖股份,sz,main,stock,,农化制品,hs300
000800,一汽解放,sz,main,stock,,商用车,csi500
000807,云铝股份,sz,main,stock,,工业金属,hs300
000825,太钢不锈,sz,main,stock,,特钢Ⅱ,csi500
000830,鲁西化工,sz,main,stock,,化学原料,csi500
000831,中国稀土,sz,main,stock,,小金属,csi500
000858,五粮液,sz,main,stock,,白酒Ⅱ,hs300
000878,云南铜业,sz,main,stock,,工业金属,csi500
000883,湖北能源,sz,main,stock,,电力,csi500
000887,中鼎股份,sz,main,stock,,汽车零部件,csi500
000893,亚钾国际,sz,main,stock,,农化制品,csi500
000895,双汇发展,sz,main,stock,,食品加工,hs300
000898,鞍钢股份,sz,main,stock,,普钢,csi500
000921,海信家电,sz,main,stock,,白色家电,csi500
000932,华菱钢铁,sz,main,stock,,普钢,csi500
000937,冀中能源,sz,main,stock,,煤炭开采,csi500
000938,紫光股份,sz,main,stock,,IT服务Ⅱ,hs300
000951,中国重汽,sz,main,stock,,商用车,csi500
000959,首钢股份,sz,main,stock,,普钢,csi500
000960,锡业股份,sz,main,stock,,小金属,csi500
000963,华东医药,sz,main,stock,,化学制药,hs300
000967,盈峰环境,sz,main,stock,,环保设备Ⅱ,csi500
000975,山金国际,sz,main,stock,,贵金属,hs300
000977,浪潮信息,sz,main,stock,,计算机设备,hs300
000983,山西焦煤,sz,main,stock,,煤炭开采,csi500
000987,越秀资本,sz,main,stock,,多元金融,csi500
000988,华工科技,sz,main,stock,,自动化设备,hs300
000997,新大陆,sz,main,stock,,计算机设备,csi500
000999,华润三九,sz,main,stock,,中药Ⅱ,hs300
001203,大中矿业,sz,main,stock,,冶钢原料,csi500
001221,悍高集团,sz,main,stock,,家居用品,csi500
001280,中国铀业,sz,main,stock,,小金属,hs300
001286,陕西能源,sz,main,stock,,电力,csi500
001309,德明利,sz,main,stock,,半导体,csi500
001386,马可波罗,sz,main,stock,,家居用品,csi500
001389,广合科技,sz,main,stock,,元件,csi500
001391,国货航,sz,main,stock,,物流,hs300
001696,宗申动力,sz,main,stock,,通用设备,csi500
001965,招商公路,sz,main,stock,,铁路公路,hs300
001979,招商蛇口,sz,main,stock,,房地产开发,hs300
002001,新和成,sz,main,stock,,化学制品,hs300
002007,华兰生物,sz,main,stock,,生物制品,csi500
002008,大族激光,sz,main,stock,,自动化设备,csi500
002025,航天电器,sz,main,stock,,军工电子Ⅱ,csi500
002027,分众传媒,sz,main,stock,,广告营销,hs300
002028,思源电气,sz,main,stock,,电网设备,hs300
002032,苏泊尔,sz,main,stock,,小家电,csi500
002044,美年健康,sz,main,stock,,医疗服务,csi500
002049,紫光国微,sz,main,stock,,半导体,hs300
002050,三花智控,sz,main,stock,,家电零部件Ⅱ,hs300
002056,横店东磁,sz,main,stock,,光伏设备,csi500
002064,华峰化学,sz,main,stock,,化学纤维,csi500
002065,东华软件,sz,main,stock,,IT服务Ⅱ,csi500
002074,国轩高科,sz,main,stock,,电池,hs300
002078,太阳纸业,sz,main,stock,,造纸,csi500
002085,万丰奥威,sz,main,stock,,汽车零部件,csi500
002120,韵达股份,sz,main,stock,,物流,csi500
002126,银轮股份,sz,main,stock,,汽车零部件,csi500
002130,沃尔核材,sz,main,stock,,其他电子Ⅱ,csi500
002131,利欧股份,sz,main,stock,,通用设备,csi500
002138,顺络电子,sz,main,stock,,元件,csi500
002142,宁波银行,sz,main,stock,,银行Ⅱ,hs300
002152,广电运通,sz,main,stock,,计算机设备,csi500
002153,石基信息,sz,main,stock,,软件开发,csi500
002155,湖南黄金,sz,main,stock,,贵金属,csi500
002157,正邦科技,sz,main,stock,,养殖业,csi500
002179,中航光电,sz,main,stock,,军工电子Ⅱ,hs300
002185,华天科技,sz,main,stock,,半导体,csi500
002195,岩山科技,sz,main,stock,,IT服务Ⅱ,csi500
002202,金风科技,sz,main,stock,,风电设备,hs300
002203,海亮股份,sz,main,stock,,工业金属,csi500
002223,鱼跃医疗,sz,main,stock,,医疗器械,csi500
002230,科大讯飞,sz,main,stock,,软件开发,hs300
002236,大华股份,sz,main,stock,,计算机设备,hs300
002241,歌尔股份,sz,main,stock,,消费电子,hs300
002244,滨江集团,sz,main,stock,,房地产开发,csi500
002252,上海莱士,sz,main,stock,,生物制品,csi500
002261,拓维信息,sz,main,stock,,软件开发,csi500
002262,恩华药业,sz,main,stock,,化学制药,csi500
002265,建设工业,sz,main,stock,,汽车零部件,csi500
002266,浙富控股,sz,main,stock,,环境治理,csi500
002271,东方雨虹,sz,main,stock,,装修建材,csi500
002273,水晶光电,sz,main,stock,,光学光电子,csi500
002281,光迅科技,sz,main,stock,,通信设备,csi500
002299,圣农发展,sz,main,stock,,养殖业,csi500
002304,洋河股份,sz,main,stock,,白酒Ⅱ,hs300
002311,海大集团,sz,main,stock,,饲料,hs300
002312,川发龙蟒,sz,main,stock,,农化制品,csi500
002318,久立特材,sz,main,stock,,特钢Ⅱ,csi500
002335,科华数据,sz,main,stock,,其他电源设备Ⅱ,csi500
002340,格林美,sz,main,stock,,电池,csi500
002352,顺丰控股,sz,main,stock,,物流,hs300
002353,杰瑞股份,sz,main,stock,,专用设备,hs300
002371,北方华创,sz,main,stock,,半导体,hs300
002384,东山精密,sz,main,stock,,元件,hs300
002402,和而泰,sz,main,stock,,家电零部件Ⅱ,csi500
002407,多氟多,sz,main,stock,,化学制品,csi500
002409,雅克科技,sz,main,stock,,半导体,csi500
002410,广联达,sz,main,stock,,软件开发,csi500
002414,高德红外,sz,main,stock,,军工电子Ⅱ,csi500
002415,海康威视,sz,main,stock,,计算机设备,hs300
002422,科伦药业,sz,main,stock,,化学制药,hs300
002423,中粮资本,sz,main,stock,,多元金融,csi500
002429,兆驰股份,sz,main,stock,,黑色家电,csi500
002430,杭氧股份,sz,main,stock,,化学制品,csi500
002432,九安医疗,sz,main,stock,,医疗器械,csi500
002436,兴森科技,sz,main,stock,,元件,csi500
002444,巨星科技,sz,main,stock,,通用设备,csi500
002460,赣锋锂业,sz,main,stock,,能源金属,hs300
002461,珠江啤酒,sz,main,stock,,非白酒,csi500
002463,沪电股份,sz,main,stock,,元件,hs300
002465,海格通信,sz,main,stock,,军工电子Ⅱ,csi500
002466,天齐锂业,sz,main,stock,,能源金属,hs300
002472,双环传动,sz,main,stock,,汽车零部件,csi500
002475,立讯精密,sz,main,stock,,消费电子,hs300
002487,大金重工,sz,main,stock,,风电设备,csi500
002493,荣盛石化,sz,main,stock,,炼化及贸易,hs300
002500,山西证券,sz,main,stock,,证券Ⅱ,csi500
002508,老板电器,sz,main,stock,,厨卫电器,csi500
002517,恺英网络,sz,main,stock,,游戏Ⅱ,csi500
002532,天山铝业,sz,main,stock,,工业金属,hs300
002558,巨人网络,sz,main,stock,,游戏Ⅱ,hs300
002568,百润股份,sz,main,stock,,非白酒,csi500
002583,海能达,sz,main,stock,,通信设备,csi500
002594,比亚迪,sz,main,stock,,乘用车,hs300
002600,领益智造,sz,main,stock,,消费电子,hs300
002601,龙佰集团,sz,main,stock,,化学原料,csi500
002602,世纪华通,sz,main,stock,,游戏Ⅱ,hs300
002603,以岭药业,sz,main,stock,,中药Ⅱ,csi500
002608,江苏国信,sz,main,stock,,电力,csi500
002624,完美世界,sz,main,stock,,游戏Ⅱ,csi500
002625,光启技术,sz,main,stock,,航空装备Ⅱ,hs300
002648,卫星化学,sz,main,stock,,化学原料,hs300
002670,国盛证券,sz,main,stock,,证券Ⅱ,csi500
002673,西部证券,sz,main,stock,,证券Ⅱ,csi500
002683,广东宏大,sz,main,stock,,化学制品,csi500
002709,天赐材料,sz,main,stock,,电池,hs300
002714,牧原股份,sz,main,stock,,养殖业,hs300
002736,国信证券,sz,main,stock,,证券Ⅱ,hs300
002738,中矿资源,sz,main,stock,,能源金属,csi500
002739,儒意电影,sz,main,stock,,影视院线,csi500
002756,永兴材料,sz,main,stock,,能源金属,csi500
002773,康弘药业,sz,main,stock,,生物制品,csi500
002797,第一创业,sz,main,stock,,证券Ⅱ,csi500
002812,恩捷股份,sz,main,stock,,电池,csi500
002821,凯莱英,sz,main,stock,,医疗服务,csi500
002831,裕同科技,sz,main,stock,,包装印刷,csi500
002837,英维克,sz,main,stock,,专用设备,hs300
002841,视源股份,sz,main,stock,,消费电子,csi500
002850,科达利,sz,main,stock,,电池,csi500
002851,麦格米特,sz,main,stock,,其他电源设备Ⅱ,csi500
002916,深南电路,sz,main,stock,,元件,hs300
002920,德赛西威,sz,main,stock,,汽车零部件,hs300
002926,华西证券,sz,main,stock,,证券Ⅱ,csi500
002938,鹏鼎控股,sz,main,stock,,元件,hs300
002939,长城证券,sz,main,stock,,证券Ⅱ,csi500
002945,华林证券,sz,main,stock,,证券Ⅱ,csi500
002966,苏州银行,sz,main,stock,,银行Ⅱ,csi500
002984,森麒麟,sz,main,stock,,汽车零部件,csi500
003021,兆威机电,sz,main,stock,,电机Ⅱ,csi500
003022,联泓新科,sz,main,stock,,光伏设备,csi500
003031,中瓷电子,sz,main,stock,,通信设备,csi500
003035,南网能源,sz,main,stock,,电力,csi500
003816,中国广核,sz,main,stock,,电力,hs300
300001,特锐德,sz,gem,stock,,电网设备,csi500
300002,神州泰岳,sz,gem,stock,,游戏Ⅱ,csi500
300003,乐普医疗,sz,gem,stock,,医疗器械,csi500
300012,华测检测,sz,gem,stock,,专业服务,csi500
300014,亿纬锂能,sz,gem,stock,,电池,hs300
300015,爱尔眼科,sz,gem,stock,,医疗服务,hs300
300017,网宿科技,sz,gem,stock,,IT服务Ⅱ,csi500
300024,机器人,sz,gem,stock,,自动化设备,csi500
300033,同花顺,sz,gem,stock,,软件开发,hs300
300037,新宙邦,sz,gem,stock,,电池,csi500
300054,鼎龙股份,sz,gem,stock,,电子化学品Ⅱ,csi500
300058,蓝色光标,sz,gem,stock,,广告营销,csi500
300059,东方财富,sz,gem,stock,,证券Ⅱ,hs300
300073,当升科技,sz,gem,stock,,电池,csi500
300100,双林股份,sz,gem,stock,,汽车零部件,csi500
300115,长盈精密,sz,gem,stock,,消费电子,csi500
300122,智飞生物,sz,gem,stock,,生物制品,hs300
300124,汇川技术,sz,gem,stock,,自动化设备,hs300
300136,信维通信,sz,gem,stock,,消费电子,csi500
300140,节能环境,sz,gem,stock,,环境治理,csi500
300142,沃森生物,sz,gem,stock,,生物制品,csi500
300144,宋城演艺,sz,gem,stock,,旅游及景区,csi500
300146,汤臣倍健,sz,gem,stock,,食品加工,csi500
300207,欣旺达,sz,gem,stock,,电池,csi500
300223,君正股份,sz,gem,stock,,半导体,csi500
300251,光线传媒,sz,gem,stock,,影视院线,hs300
300274,阳光电源,sz,gem,stock,,光伏设备,hs300
300285,国瓷材料,sz,gem,stock,,电子化学品Ⅱ,csi500
300308,中际旭创,sz,gem,stock,,通信设备,hs300
300316,晶盛机电,sz,gem,stock,,光伏设备,hs300
300339,润和软件,sz,gem,stock,,IT服务Ⅱ,csi500
300346,南大光电,sz,gem,stock,,电子化学品Ⅱ,csi500
300373,扬杰科技,sz,gem,stock,,半导体,csi500
300383,光环新网,sz,gem,stock,,通信服务,csi500
300390,天华新能,sz,gem,stock,,电池,csi500
300394,天孚通信,sz,gem,stock,,通信设备,hs300
300395,菲利华,sz,gem,stock,,航空装备Ⅱ,csi500
300408,三环集团,sz,gem,stock,,元件,hs300
300413,芒果超媒,sz,gem,stock,,数字媒体,hs300
300418,昆仑万维,sz,gem,stock,,数字媒体,hs300
300432,富临精工,sz,gem,stock,,电池,csi500
300433,蓝思科技,sz,gem,stock,,消费电子,hs300
300442,润泽科技,sz,gem,stock,,通信服务,hs300
300450,先导智能,sz,gem,stock,,电池,hs300
300454,深信服,sz,gem,stock,,软件开发,csi500
300458,全志科技,sz,gem,stock,,半导体,csi500
300474,景嘉微,sz,gem,stock,,军工电子Ⅱ,csi500
300475,香农芯创,sz,gem,stock,,其他电子Ⅱ,csi500
300476,胜宏科技,sz,gem,stock,,元件,hs300
300487,蓝晓科技,sz,gem,stock,,塑料,csi500
300496,中科创达,sz,gem,stock,,IT服务Ⅱ,csi500
300498,温氏股份,sz,gem,stock,,养殖业,hs300
300502,新易盛,sz,gem,stock,,通信设备,hs300
300548,长芯博创,sz,gem,stock,,通信设备,csi500
300558,贝达药业,sz,gem,stock,,化学制药,csi500
300567,精测电子,sz,gem,stock,,通用设备,csi500
300570,太辰光,sz,gem,stock,,通信设备,csi500
300604,长川科技,sz,gem,stock,,半导体,csi500
300620,光库科技,sz,gem,stock,,通信设备,csi500
300623,捷捷微电,sz,gem,stock,,半导体,csi500
300627,华测导航,sz,gem,stock,,通信设备,csi500
300628,亿联网络,sz,gem,stock,,通信设备,hs300
300661,圣邦股份,sz,gem,stock,,半导体,hs300
300666,江丰电子,sz,gem,stock,,半导体,csi500
300676,华大基因,sz,gem,stock,,医疗服务,csi500
300677,英科医疗,sz,gem,stock,,医疗器械,csi500
300679,电连技术,sz,gem,stock,,消费电子,csi500
300699,光威复材,sz,gem,stock,,航空装备Ⅱ,csi500
300718,长盛轴承,sz,gem,stock,,通用设备,csi500
300724,捷佳伟创,sz,gem,stock,,光伏设备,csi500
300735,光弘科技,sz,gem,stock,,消费电子,csi500
300748,金力永磁,sz,gem,stock,,金属新材料,csi500
300750,宁德时代,sz,gem,stock,,电池,hs300
300751,迈为股份,sz,gem,stock,,光伏设备,csi500
300757,罗博特科,sz,gem,stock,,自动化设备,csi500
300759,康龙化成,sz,gem,stock,,医疗服务,csi500
300760,迈瑞医疗,sz,gem,stock,,医疗器械,hs300
300763,锦浪科技,sz,gem,stock,,光伏设备,csi500
300803,指南针,sz,gem,stock,,软件开发,hs300
300832,新产业,sz,gem,stock,,医疗器械,hs300
300857,协创数据,sz,gem,stock,,消费电子,csi500
300866,安克创新,sz,gem,stock,,消费电子,hs300
300888,稳健医疗,sz,gem,stock,,个护用品,csi500
300896,爱美客,sz,gem,stock,,医疗美容,hs300
300919,中伟新材,sz,gem,stock,,电池,csi500
300953,震裕科技,sz,gem,stock,,电池,csi500
300957,贝泰妮,sz,gem,stock,,化妆品,csi500
300972,万辰集团,sz,gem,stock,,休闲食品,csi500
300999,金龙鱼,sz,gem,stock,,农产品加工,hs300
301165,锐捷网络,sz,gem,stock,,通信设备,hs300
301200,大族数控,sz,gem,stock,,专用设备,csi500
301236,软通动力,sz,gem,stock,,IT服务Ⅱ,hs300
301269,华大九天,sz,gem,stock,,软件开发,hs300
301301,川宁生物,sz,gem,stock,,化学制药,csi500
301308,江波龙,sz,gem,stock,,半导体,hs300
301358,湖南裕能,sz,gem,stock,,电池,csi500
301377,鼎泰高科,sz,gem,stock,,通用设备,csi500
301498,乖宝宠物,sz,gem,stock,,饲料,csi500
301526,国际复材,sz,gem,stock,,玻璃玻纤,csi500
301536,星宸科技,sz,gem,stock,,半导体,csi500
301606,绿联科技,sz,gem,stock,,消费电子,csi500
301611,珂玛科技,sz,gem,stock,,半导体,csi500
302132,中航成飞,sz,gem,stock,,航空装备Ⅱ,hs300
600000,浦发银行,sh,main,stock,,银行Ⅱ,hs300
600004,白云机场,sh,main,stock,,航空机场,csi500
600008,首创环保,sh,main,stock,,环境治理,csi500
600009,上海机场,sh,main,stock,,航空机场,hs300
600010,包钢股份,sh,main,stock,,普钢,hs300
600011,华能国际,sh,main,stock,,电力,hs300
600015,华夏银行,sh,main,stock,,银行Ⅱ,hs300
600016,民生银行,sh,main,stock,,银行Ⅱ,hs300
600018,上港集团,sh,main,stock,,航运港口,hs300
600019,宝钢股份,sh,main,stock,,普钢,hs300
600021,上海电力,sh,main,stock,,电力,csi500
600023,浙能电力,sh,main,stock,,电力,hs300
600025,华能水电,sh,main,stock,,电力,hs300
600026,中远海能,sh,main,stock,,航运港口,hs300
600027,华电国际,sh,main,stock,,电力,hs300
600028,中国石化,sh,main,stock,,炼化及贸易,hs300
600029,南方航空,sh,main,stock,,航空机场,hs300
600030,中信证券,sh,main,stock,,证券Ⅱ,hs300
600031,三一重工,sh,main,stock,,工程机械,hs300
600032,浙江新能,sh,main,stock,,电力,csi500
600036,招商银行,sh,main,stock,,银行Ⅱ,hs300
600038,中直股份,sh,main,stock,,航空装备Ⅱ,csi500
600039,四川路桥,sh,main,stock,,基础建设,hs300
600048,保利发展,sh,main,stock,,房地产开发,hs300
600050,中国联通,sh,main,stock,,通信服务,hs300
600060,海信视像,sh,main,stock,,黑色家电,csi500
600061,国投资本,sh,main,stock,,多元金融,hs300
600062,华润双鹤,sh,main,stock,,化学制药,csi500
600066,宇通客车,sh,main,stock,,商用车,hs300
600085,同仁堂,sh,main,stock,,中药Ⅱ,hs300
600089,特变电工,sh,main,stock,,电网设备,hs300
600095,湘财股份,sh,main,stock,,证券Ⅱ,csi500
600098,广州发展,sh,main,stock,,电力,csi500
600100,同方股份,sh,main,stock,,计算机设备,csi500
600104,上汽集团,sh,main,stock,,乘用车,hs300
600105,永鼎股份,sh,main,stock,,通信设备,csi500
600109,国金证券,sh,main,stock,,证券Ⅱ,csi500
600111,北方稀土,sh,main,stock,,小金属,hs300
600115,中国东航,sh,main,stock,,航空机场,hs300
600118,中国卫星,sh,main,stock,,航天装备Ⅱ,hs300
600126,杭钢股份,sh,main,stock,,普钢,csi500
600131,国网信通,sh,main,stock,,IT服务Ⅱ,csi500
600132,重庆啤酒,sh,main,stock,,非白酒,csi500
600141,兴发集团,sh,main,stock,,农化制品,csi500
600143,金发科技,sh,main,stock,,塑料,csi500
600150,中国船舶,sh,main,stock,,航海装备Ⅱ,hs300
600153,建发股份,sh,main,stock,,物流,csi500
600157,永泰能源,sh,main,stock,,电力,csi500
600160,巨化股份,sh,main,stock,,化学制品,hs300
600161,天坛生物,sh,main,stock,,生物制品,csi500
600166,福田汽车,sh,main,stock,,商用车,csi500
600170,上海建工,sh,main,stock,,房屋建设Ⅱ,csi500
600171,上海贝岭,sh,main,stock,,半导体,csi500
600176,中国巨石,sh,main,stock,,玻璃玻纤,hs300
600177,雅戈尔,sh,main,stock,,服装家纺,csi500
600183,生益科技,sh,main,stock,,元件,hs300
600188,兖矿能源,sh,main,stock,,煤炭开采,hs300
600196,复星医药,sh,main,stock,,化学制药,hs300
600208,衢州发展,sh,main,stock,,房地产开发,csi500
600219,南山铝业,sh,main,stock,,工业金属,hs300
600221,海航控股,sh,main,stock,,航空机场,hs300
600233,圆通速递,sh,main,stock,,物流,hs300
600256,广汇能源,sh,main,stock,,煤炭开采,csi500
600276,恒瑞医药,sh,main,stock,,化学制药,hs300
600282,南钢股份,sh,main,stock,,普钢,csi500
600292,电投水电,sh,main,stock,,电力,csi500
600295,鄂尔多斯,sh,main,stock,,冶钢原料,csi500
600298,安琪酵母,sh,main,stock,,调味发酵品Ⅱ,csi500
600299,安迪苏,sh,main,stock,,化学制品,csi500
600309,万华化学,sh,main,stock,,化学制品,hs300
600312,平高电气,sh,main,stock,,电网设备,csi500
600316,洪都航空,sh,main,stock,,航空装备Ⅱ,csi500
600329,达仁堂,sh,main,stock,,中药Ⅱ,csi500
600332,白云山,sh,main,stock,,中药Ⅱ,csi500
600339,中油工程,sh,main,stock,,油服工程,csi500
600346,恒力石化,sh,main,stock,,炼化及贸易,hs300
600348,华阳股份,sh,main,stock,,煤炭开采,csi500
600350,山东高速,sh,main,stock,,铁路公路,csi500
600352,浙江龙盛,sh,main,stock,,化学制品,csi500
600362,江西铜业,sh,main,stock,,工业金属,hs300
600363,联创光电,sh,main,stock,,消费电子,csi500
600369,西南证券,sh,main,stock,,证券Ⅱ,csi500
600372,中航机载,sh,main,stock,,航空装备Ⅱ,hs300
600377,宁沪高速,sh,main,stock,,铁路公路,csi500
600378,昊华科技,sh,main,stock,,化学制品,csi500
600380,健康元,sh,main,stock,,化学制药,csi500
600390,五矿资本,sh,main,stock,,多元金融,csi500
600392,盛和资源,sh,main,stock,,小金属,csi500
600398,海澜之家,sh,main,stock,,服装家纺,csi500
600406,国电南瑞,sh,main,stock,,电网设备,hs300
600415,小商品城,sh,main,stock,,一般零售,hs300
600426,华鲁恒升,sh,main,stock,,农化制品,hs300
600435,北方导航,sh,main,stock,,地面兵装Ⅱ,csi500
600436,片仔癀,sh,main,stock,,中药Ⅱ,hs300
600438,通威股份,sh,main,stock,,光伏设备,hs300
600460,士兰微,sh,main,stock,,半导体,hs300
600482,中国动力,sh,main,stock,,其他电源设备Ⅱ,hs300
600483,福能股份,sh,main,stock,,电力,csi500
600486,扬农化工,sh,main,stock,,农化制品,csi500
600489,中金黄金,sh,main,stock,,贵金属,hs300
600497,驰宏锌锗,sh,main,stock,,工业金属,csi500
600498,烽火通信,sh,main,stock,,通信设备,csi500
600499,科达制造,sh,main,stock,,专用设备,csi500
600511,国药股份,sh,main,stock,,医药商业,csi500
600515,海南机场,sh,main,stock,,航空机场,hs300
600516,方大炭素,sh,main,stock,,冶钢原料,csi500
600517,国网英大,sh,main,stock,,多元金融,csi500
600519,贵州茅台,sh,main,stock,,白酒Ⅱ,hs300
600521,华海药业,sh,main,stock,,化学制药,csi500
600522,中天科技,sh,main,stock,,通信设备,hs300
600535,天士力,sh,main,stock,,中药Ⅱ,csi500
600536,中国软件,sh,main,stock,,IT服务Ⅱ,csi500
600546,山煤国际,sh,main,stock,,煤炭开采,csi500
600547,山东黄金,sh,main,stock,,贵金属,hs300
600549,厦门钨业,sh,main,stock,,小金属,hs300
600562,国睿科技,sh,main,stock,,军工电子Ⅱ,csi500
600563,法拉电子,sh,main,stock,,元件,csi500
600566,济川药业,sh,main,stock,,中药Ⅱ,csi500
600570,恒生电子,sh,main,stock,,软件开发,hs300
600578,京能电力,sh,main,stock,,电力,csi500
600582,天地科技,sh,main,stock,,专用设备,csi500
600583,海油工程,sh,main,stock,,油服工程,csi500
600584,长电科技,sh,main,stock,,半导体,hs300
600585,海螺水泥,sh,main,stock,,水泥,hs300
600588,用友网络,sh,main,stock,,软件开发,hs300
600595,中孚实业,sh,main,stock,,工业金属,csi500
600598,北大荒,sh,main,stock,,种植业,csi500
600600,青岛啤酒,sh,main,stock,,非白酒,hs300
600601,方正科技,sh,main,stock,,元件,csi500
600602,云赛智联,sh,main,stock,,软件开发,csi500
600606,绿地控股,sh,main,stock,,房地产开发,csi500
600637,东方明珠,sh,main,stock,,电视广播Ⅱ,csi500
600642,申能股份,sh,main,stock,,电力,csi500
600655,豫园股份,sh,main,stock,,一般零售,csi500
600660,福耀玻璃,sh,main,stock,,汽车零部件,hs300
600663,陆家嘴,sh,main,stock,,房地产开发,csi500
600674,川投能源,sh,main,stock,,电力,hs300
600685,中船防务,sh,main,stock,,航海装备Ⅱ,csi500
600688,上海石化,sh,main,stock,,炼化及贸易,csi500
600690,海尔智家,sh,main,stock,,白色家电,hs300
600699,均胜电子,sh,main,stock,,汽车零部件,csi500
600704,物产中大,sh,main,stock,,物流,csi500
600707,彩虹股份,sh,main,stock,,光学光电子,csi500
600711,盛屯矿业,sh,main,stock,,工业金属,csi500
600737,中粮糖业,sh,main,stock,,农产品加工,csi500
600741,华域汽车,sh,main,stock,,汽车零部件,hs300
600754,锦江酒店,sh,main,stock,,酒店餐饮,csi500
600760,中航沈飞,sh,main,stock,,航空装备Ⅱ,hs300
600763,通策医疗,sh,main,stock,,医疗服务,csi500
600764,中国海防,sh,main,stock,,航海装备Ⅱ,csi500
600765,中航重机,sh,main,stock,,航空装备Ⅱ,csi500
600795,国电电力,sh,main,stock,,电力,hs300
600801,华新建材,sh,main,stock,,水泥,csi500
600803,新奥股份,sh,main,stock,,燃气Ⅱ,hs300
600808,马钢股份,sh,main,stock,,普钢,csi500
600809,山西汾酒,sh,main,stock,,白酒Ⅱ,hs300
600816,建元信托,sh,main,stock,,多元金融,csi500
600820,隧道股份,sh,main,stock,,基础建设,csi500
600845,宝信软件,sh,main,stock,,IT服务Ⅱ,hs300
600848,上海临港,sh,main,stock,,房地产开发,csi500
600862,中航高科,sh,main,stock,,航空装备Ⅱ,csi500
600863,华能蒙电,sh,main,stock,,电力,csi500
600871,石化油服,sh,main,stock,,油服工程,csi500
600873,梅花生物,sh,main,stock,,化学制品,csi500
600875,东方电气,sh,main,stock,,其他电源设备Ⅱ,hs300
600879,航天电子,sh,main,stock,,航天装备Ⅱ,csi500
600884,杉杉股份,sh,main,stock,,电池,csi500
600885,宏发股份,sh,main,stock,,电网设备,csi500
600886,国投电力,sh,main,stock,,电力,hs300
600887,伊利股份,sh,main,stock,,饮料乳品,hs300
600893,航发动力,sh,main,stock,,航空装备Ⅱ,hs300
600900,长江电力,sh,main,stock,,电力,hs300
600901,江苏金租,sh,main,stock,,多元金融,csi500
600905,三峡能源,sh,main,stock,,电力,hs300
600906,财达证券,sh,main,stock,,证券Ⅱ,csi500
600909,华安证券,sh,main,stock,,证券Ⅱ,csi500
600918,中泰证券,sh,main,stock,,证券Ⅱ,hs300
600919,江苏银行,sh,main,stock,,银行Ⅱ,hs300
600926,杭州银行,sh,main,stock,,银行Ⅱ,hs300
600927,永安期货,sh,main,stock,,多元金融,csi500
600930,华电新能,sh,main,stock,,电力,hs300
600938,中国海油,sh,main,stock,,油气开采Ⅱ,hs300
600941,中国移动,sh,main,stock,,通信服务,hs300
600958,东方证券,sh,main,stock,,证券Ⅱ,hs300
600967,内蒙一机,sh,main,stock,,地面兵装Ⅱ,csi500
600968,海油发展,sh,main,stock,,油服工程,csi500
600970,中材国际,sh,main,stock,,专业工程,csi500
600977,中国电影,sh,main,stock,,影视院线,csi500
600985,淮北矿业,sh,main,stock,,煤炭开采,csi500
600988,赤峰黄金,sh,main,stock,,贵金属,csi500
600989,宝丰能源,sh,main,stock,,化学原料,hs300
600995,南网储能,sh,main,stock,,电力,csi500
600998,九州通,sh,main,stock,,医药商业,csi500
600999,招商证券,sh,main,stock,,证券Ⅱ,hs300
601000,唐山港,sh,main,stock,,航运港口,csi500
601001,晋控煤业,sh,main,stock,,煤炭开采,csi500
601006,大秦铁路,sh,main,stock,,铁路公路,hs300
601009,南京银行,sh,main,stock,,银行Ⅱ,hs300
601012,隆基绿能,sh,main,stock,,光伏设备,hs300
601016,节能风电,sh,main,stock,,电力,csi500
601018,宁波港,sh,main,stock,,航运港口,hs300
601019,山东出版,sh,main,stock,,出版,csi500
601021,春秋航空,sh,main,stock,,航空机场,hs300
601058,赛轮轮胎,sh,main,stock,,汽车零部件,hs300
601059,信达证券,sh,main,stock,,证券Ⅱ,hs300
601066,中信建投,sh,main,stock,,证券Ⅱ,hs300
601077,渝农商行,sh,main,stock,,银行Ⅱ,hs300
601088,中国神华,sh,main,stock,,煤炭开采,hs300
601098,中南传媒,sh,main,stock,,出版,csi500
601099,太平洋,sh,main,stock,,证券Ⅱ,csi500
601100,恒立液压,sh,main,stock,,工程机械,hs300
601106,中国一重,sh,main,stock,,专用设备,csi500
601108,财通证券,sh,main,stock,,证券Ⅱ,csi500
601111,中国国航,sh,main,stock,,航空机场,hs300
601112,振石股份,sh,main,stock,,玻璃玻纤,csi500
601117,中国化学,sh,main,stock,,专业工程,hs300
601118,海南橡胶,sh,main,stock,,种植业,csi500
601127,赛力斯,sh,main,stock,,乘用车,hs300
601128,常熟银行,sh,main,stock,,银行Ⅱ,csi500
601136,首创证券,sh,main,stock,,证券Ⅱ,hs300
601138,工业富联,sh,main,stock,,消费电子,hs300
601139,深圳燃气,sh,main,stock,,燃气Ⅱ,csi500
601155,新城控股,sh,main,stock,,房地产开发,csi500
601156,东航物流,sh,main,stock,,物流,csi500
601162,天风证券,sh,main,stock,,证券Ⅱ,csi500
601166,兴业银行,sh,main,stock,,银行Ⅱ,hs300
601169,北京银行,sh,main,stock,,银行Ⅱ,hs300
601179,中国西电,sh,main,stock,,电网设备,csi500
601186,中国铁建,sh,main,stock,,基础建设,hs300
601198,东兴证券,sh,main,stock,,证券Ⅱ,csi500
601211,国泰海通,sh,main,stock,,证券Ⅱ,hs300
601212,白银有色,sh,main,stock,,工业金属,csi500
601216,君正集团,sh,main,stock,,化学原料,csi500
601225,陕西煤业,sh,main,stock,,煤炭开采,hs300
601228,广州港,sh,main,stock,,航运港口,csi500
601229,上海银行,sh,main,stock,,银行Ⅱ,hs300
601233,桐昆股份,sh,main,stock,,炼化及贸易,csi500
601236,红塔证券,sh,main,stock,,证券Ⅱ,csi500
601238,广汽集团,sh,main,stock,,乘用车,hs300
601288,农业银行,sh,main,stock,,银行Ⅱ,hs300
601298,青岛港,sh,main,stock,,航运港口,csi500
601318,中国平安,sh,main,stock,,保险Ⅱ,hs300
601319,中国人保,sh,main,stock,,保险Ⅱ,hs300
601328,交通银行,sh,main,stock,,银行Ⅱ,hs300
601336,新华保险,sh,main,stock,,保险Ⅱ,hs300
601360,三六零,sh,main,stock,,软件开发,hs300
601377,兴业证券,sh,main,stock,,证券Ⅱ,hs300
601390,中国中铁,sh,main,stock,,基础建设,hs300
601398,工商银行,sh,main,stock,,银行Ⅱ,hs300
601399,国机重装,sh,main,stock,,专用设备,csi500
601456,国联民生,sh,main,stock,,证券Ⅱ,hs300
601555,东吴证券,sh,main,stock,,证券Ⅱ,csi500
601567,三星电气,sh,main,stock,,电网设备,csi500
601577,长沙银行,sh,main,stock,,银行Ⅱ,csi500
601598,中国外运,sh,main,stock,,物流,csi500
601600,中国铝业,sh,main,stock,,工业金属,hs300
601601,中国太保,sh,main,stock,,保险Ⅱ,hs300
601607,上海医药,sh,main,stock,,医药商业,hs300
601608,中信重工,sh,main,stock,,专用设备,csi500
601611,中国核建,sh,main,stock,,基础建设,csi500
601615,明阳智能,sh,main,stock,,风电设备,csi500
601618,中国中冶,sh,main,stock,,专业工程,hs300
601628,中国人寿,sh,main,stock,,保险Ⅱ,hs300
601633,长城汽车,sh,main,stock,,乘用车,hs300
601658,邮储银行,sh,main,stock,,银行Ⅱ,hs300
601665,齐鲁银行,sh,main,stock,,银行Ⅱ,csi500
601666,平煤股份,sh,main,stock,,煤炭开采,csi500
601668,中国建筑,sh,main,stock,,房屋建设Ⅱ,hs300
601669,中国电建,sh,main,stock,,基础建设,hs300
601688,华泰证券,sh,main,stock,,证券Ⅱ,hs300
601689,拓普集团,sh,main,stock,,汽车零部件,hs300
601696,中银证券,sh,main,stock,,证券Ⅱ,csi500
601698,中国卫通,sh,main,stock,,航天装备Ⅱ,hs300
601699,潞安环能,sh,main,stock,,煤炭开采,csi500
601717,中创智领,sh,main,stock,,专用设备,csi500
601727,上海电气,sh,main,stock,,其他电源设备Ⅱ,hs300
601728,中国电信,sh,main,stock,,通信服务,hs300
601766,中国中车,sh,main,stock,,轨交设备Ⅱ,hs300
601788,光大证券,sh,main,stock,,证券Ⅱ,hs300
601799,星宇股份,sh,main,stock,,汽车零部件,csi500
601800,中国交建,sh,main,stock,,基础建设,hs300
601808,中海油服,sh,main,stock,,油服工程,csi500
601816,京沪高铁,sh,main,stock,,铁路公路,hs300
601818,光大银行,sh,main,stock,,银行Ⅱ,hs300
601825,沪农商行,sh,main,stock,,银行Ⅱ,hs300
601838,成都银行,sh,main,stock,,银行Ⅱ,hs300
601857,中国石油,sh,main,stock,,炼化及贸易,hs300
601865,福莱特,sh,main,stock,,光伏设备,csi500
601866,中远海发,sh,main,stock,,航运港口,csi500
601868,中国能建,sh,main,stock,,基础建设,hs300
601869,长飞光纤,sh,main,stock,,通信设备,csi500
601872,招商轮船,sh,main,stock,,航运港口,hs300
601877,正泰电器,sh,main,stock,,电网设备,hs300
601878,浙商证券,sh,main,stock,,证券Ⅱ,hs300
601880,辽港股份,sh,main,stock,,航运港口,csi500
601881,中国银河,sh,main,stock,,证券Ⅱ,hs300
601888,中国中免,sh,main,stock,,旅游零售Ⅱ,hs300
601898,中煤能源,sh,main,stock,,煤炭开采,hs300
601899,紫金矿业,sh,main,stock,,工业金属,hs300
601901,方正证券,sh,main,stock,,证券Ⅱ,hs300
601916,浙商银行,sh,main,stock,,银行Ⅱ,hs300
601919,中远海控,sh,main,stock,,航运港口,hs300
601928,凤凰传媒,sh,main,stock,,出版,csi500
601939,建设银行,sh,main,stock,,银行Ⅱ,hs300
601958,金钼股份,sh,main,stock,,小金属,csi500
601966,玲珑轮胎,sh,main,stock,,汽车零部件,csi500
601985,中国核电,sh,main,stock,,电力,hs300
601988,中国银行,sh,main,stock,,银行Ⅱ,hs300
601990,南京证券,sh,main,stock,,证券Ⅱ,csi500
601991,大唐发电,sh,main,stock,,电力,csi500
601995,中金公司,sh,main,stock,,证券Ⅱ,hs300
601997,贵阳银行,sh,main,stock,,银行Ⅱ,csi500
601998,中信银行,sh,main,stock,,银行Ⅱ,hs300
603000,人民网,sh,main,stock,,数字媒体,csi500
603019,中科曙光,sh,main,stock,,计算机设备,hs300
603049,中策橡胶,sh,main,stock,,汽车零部件,csi500
603077,和邦生物,sh,main,stock,,农化制品,csi500
603087,甘李药业,sh,main,stock,,生物制品,csi500
603092,德力佳,sh,main,stock,,风电设备,csi500
603119,浙江荣泰,sh,main,stock,,汽车零部件,csi500
603129,春风动力,sh,main,stock,,摩托车及其他,csi500
603156,养元饮品,sh,main,stock,,饮料乳品,csi500
603160,汇顶科技,sh,main,stock,,半导体,csi500
603175,超颖电子,sh,main,stock,,元件,csi500
603179,新泉股份,sh,main,stock,,汽车零部件,csi500
603225,新凤鸣,sh,main,stock,,化学纤维,csi500
603233,大参林,sh,main,stock,,医药商业,csi500
603256,宏和科技,sh,main,stock,,玻璃玻纤,csi500
603259,药明康德,sh,main,stock,,医疗服务,hs300
603260,合盛硅业,sh,main,stock,,化学制品,hs300
603288,海天味业,sh,main,stock,,调味发酵品Ⅱ,hs300
603290,斯达半导,sh,main,stock,,半导体,csi500
603296,华勤技术,sh,main,stock,,消费电子,hs300
603298,杭叉集团,sh,main,stock,,工程机械,csi500
603308,应流股份,sh,main,stock,,通用设备,csi500
603338,浙江鼎力,sh,main,stock,,工程机械,csi500
603341,龙旗科技,sh,main,stock,,消费电子,csi500
603345,安井食品,sh,main,stock,,食品加工,csi500
603369,今世缘,sh,main,stock,,白酒Ⅱ,hs300
603379,三美股份,sh,main,stock,,化学制品,csi500
603392,万泰生物,sh,main,stock,,医疗器械,hs300
603444,吉比特,sh,main,stock,,游戏Ⅱ,csi500
603486,科沃斯,sh,main,stock,,小家电,csi500
603501,豪威集团,sh,main,stock,,半导体,hs300
603529,爱玛科技,sh,main,stock,,摩托车及其他,csi500
603565,中谷物流,sh,main,stock,,航运港口,csi500
603568,伟明环保,sh,main,stock,,环境治理,csi500
603589,口子窖,sh,main,stock,,白酒Ⅱ,csi500
603596,伯特利,sh,main,stock,,汽车零部件,csi500
603605,珀莱雅,sh,main,stock,,化妆品,csi500
603606,东方电缆,sh,main,stock,,电网设备,csi500
603650,彤程新材,sh,main,stock,,橡胶,csi500
603658,安图生物,sh,main,stock,,医疗器械,csi500
603659,璞泰来,sh,main,stock,,电池,csi500
603688,石英股份,sh,main,stock,,非金属材料Ⅱ,csi500
603699,纽威股份,sh,main,stock,,通用设备,csi500
603728,鸣志电器,sh,main,stock,,电机Ⅱ,csi500
603737,三棵树,sh,main,stock,,装修建材,csi500
603766,隆鑫通用,sh,main,stock,,摩托车及其他,csi500
603786,科博达,sh,main,stock,,汽车零部件,csi500
603799,华友钴业,sh,main,stock,,能源金属,hs300
603806,福斯特,sh,main,stock,,光伏设备,csi500
603816,顾家家居,sh,main,stock,,家居用品,csi500
603833,欧派家居,sh,main,stock,,家居用品,csi500
603858,步长制药,sh,main,stock,,中药Ⅱ,csi500
603885,吉祥航空,sh,main,stock,,航空机场,csi500
603893,瑞芯微,sh,main,stock,,半导体,hs300
603899,晨光股份,sh,main,stock,,文娱用品,csi500
603920,世运电路,sh,main,stock,,元件,csi500
603939,益丰药房,sh,main,stock,,医药商业,csi500
603979,金诚信,sh,main,stock,,工业金属,csi500
603986,兆易创新,sh,main,stock,,半导体,hs300
603993,洛阳钼业,sh,main,stock,,工业金属,hs300
605117,德业股份,sh,main,stock,,光伏设备,hs300
605358,立昂微,sh,main,stock,,半导体,csi500
605499,东鹏饮料,sh,main,stock,,饮料乳品,hs300
605589,圣泉集团,sh,main,stock,,塑料,csi500
688002,睿创微纳,sh,star,stock,,军工电子Ⅱ,csi500
688008,澜起科技,sh,star,stock,,半导体,hs300
688009,中国通号,sh,star,stock,,轨交设备Ⅱ,hs300
688012,中微公司,sh,star,stock,,半导体,hs300
688017,绿的谐波,sh,star,stock,,自动化设备,csi500
688018,乐鑫科技,sh,star,stock,,半导体,csi500
688019,安集科技,sh,star,stock,,电子化学品Ⅱ,csi500
688027,国盾量子,sh,star,stock,,通信设备,csi500
688036,传音控股,sh,star,stock,,消费电子,hs300
688037,芯源微,sh,star,stock,,半导体,csi500
688041,海光信息,sh,star,stock,,半导体,hs300
688047,龙芯中科,sh,star,stock,,半导体,hs300
688052,纳芯微,sh,star,stock,,半导体,csi500
688065,凯赛生物,sh,star,stock,,化学制品,csi500
688072,拓荆科技,sh,star,stock,,半导体,hs300
688082,盛美上海,sh,star,stock,,半导体,hs300
688099,晶晨股份,sh,star,stock,,半导体,csi500
688111,金山办公,sh,star,stock,,软件开发,hs300
688114,华大智造,sh,star,stock,,医疗器械,csi500
688120,华海清科,sh,star,stock,,半导体,csi500
688122,西部超导,sh,star,stock,,航空装备Ⅱ,csi500
688126,沪硅产业,sh,star,stock,,半导体,hs300
688166,博瑞医药,sh,star,stock,,化学制药,csi500
688169,石头科技,sh,star,stock,,小家电,csi500
688172,燕东微,sh,star,stock,,半导体,csi500
688180,君实生物,sh,star,stock,,生物制品,csi500
688183,生益电子,sh,star,stock,,元件,hs300
688187,时代电气,sh,star,stock,,轨交设备Ⅱ,csi500
688188,柏楚电子,sh,star,stock,,计算机设备,csi500
688192,迪哲医药,sh,star,stock,,化学制药,csi500
688200,华峰测控,sh,star,stock,,半导体,csi500
688213,思特威,sh,star,stock,,半导体,csi500
688220,翱捷科技,sh,star,stock,,半导体,csi500
688223,晶科能源,sh,star,stock,,光伏设备,hs300
688234,天岳先进,sh,star,stock,,半导体,csi500
688235,百济神州,sh,star,stock,,化学制药,csi500
688248,南网科技,sh,star,stock,,电网设备,csi500
688256,寒武纪,sh,star,stock,,半导体,hs300
688266,泽璟制药,sh,star,stock,,化学制药,csi500
688271,联影医疗,sh,star,stock,,医疗器械,hs300
688278,特宝生物,sh,star,stock,,生物制品,csi500
688281,华秦科技,sh,star,stock,,航空装备Ⅱ,csi500
688295,中复神鹰,sh,star,stock,,化学纤维,csi500
688297,中无人机,sh,star,stock,,航空装备Ⅱ,csi500
688301,奕瑞科技,sh,star,stock,,医疗器械,csi500
688303,大全能源,sh,star,stock,,光伏设备,hs300
688313,仕佳光子,sh,star,stock,,通信设备,csi500
688318,财富趋势,sh,star,stock,,软件开发,csi500
688322,奥比中光,sh,star,stock,,光学光电子,csi500
688331,荣昌生物,sh,star,stock,,生物制品,csi500
688336,三生国健,sh,star,stock,,生物制品,csi500
688343,云天励飞,sh,star,stock,,IT服务Ⅱ,csi500
688347,华虹宏力,sh,star,stock,,半导体,csi500
688349,三一重能,sh,star,stock,,风电设备,csi500
688361,中科飞测,sh,star,stock,,半导体,csi500
688363,华熙生物,sh,star,stock,,医疗美容,csi500
688375,国博电子,sh,star,stock,,军工电子Ⅱ,csi500
688385,复旦微电,sh,star,stock,,半导体,csi500
688387,信科移动,sh,star,stock,,通信设备,csi500
688396,华润微,sh,star,stock,,半导体,hs300
688411,海博思创,sh,star,stock,,其他电源设备Ⅱ,csi500
688425,铁建重工,sh,star,stock,,工程机械,csi500
688469,芯联集成,sh,star,stock,,半导体,csi500
688472,阿特斯,sh,star,stock,,光伏设备,hs300
688475,萤石网络,sh,star,stock,,计算机设备,csi500
688498,源杰科技,sh,star,stock,,半导体,csi500
688506,百利天恒,sh,star,stock,,生物制品,hs300
688520,神州细胞,sh,star,stock,,生物制品,csi500
688521,芯原股份,sh,star,stock,,半导体,hs300
688538,和辉光电,sh,star,stock,,光学光电子,csi500
688561,奇安信,sh,star,stock,,软件开发,csi500
688563,航材股份,sh,star,stock,,航空装备Ⅱ,csi500
688568,中科星图,sh,star,stock,,IT服务Ⅱ,csi500
688578,艾力斯,sh,star,stock,,化学制药,csi500
688582,芯动联科,sh,star,stock,,半导体,csi500
688599,天合光能,sh,star,stock,,光伏设备,csi500
688608,恒玄科技,sh,star,stock,,半导体,csi500
688615,合合信息,sh,star,stock,,软件开发,csi500
688617,惠泰医疗,sh,star,stock,,医疗器械,csi500
688629,华丰科技,sh,star,stock,,军工电子Ⅱ,csi500
688676,金盘科技,sh,star,stock,,电网设备,csi500
688692,达梦数据,sh,star,stock,,软件开发,csi500
688702,盛科通信,sh,star,stock,,半导体,csi500
688708,佳驰科技,sh,star,stock,,航空装备Ⅱ,csi500
688709,成都华微,sh,star,stock,,半导体,csi500
688728,格科微,sh,star,stock,,半导体,csi500
688772,珠海冠宇,sh,star,stock,,电池,csi500
688777,中控技术,sh,star,stock,,自动化设备,csi500
688778,厦钨新能,sh,star,stock,,电池,csi500
688819,天能股份,sh,star,stock,,电池,csi500
688981,中芯国际,sh,star,stock,,半导体,hs300
689009,九号公司,sh,star,stock,,摩托车及其他,csi500
